"VEHICLE: CARGO VAN, SPRINTER, CUBE VAN, STRAIGHT TRUCK, TRACTOR",DISTANCE: Miles,"PICKUP STATE: eg - TX, MI","DESTINATION STATE: eg - WI, IL","PICKUP CITY: eg - LAREDO, DALLAS","DESTINATION CITY: eg - HOPKINSVILLE, DALLAS:",PICKUP DATE: dd-mm-yyyy,DELIVERY DATE: dd-mm-yyyy,Enter Your Bid Price,Pricing Model
,,,,,,,,,
,,,,,,,,,
,,,,,,,,,
,,,,,,,,,
,,,,,,,,,
,,,,,,,,,
,,,,,,,,,
,,,,,,,,,
,,,,,,,,,
,,,,,,,,,
,,,,,,,,,
,,,,,,,,,
,,,,,,,,,
,,,,,,,,,
,,,,,,,,,
,,,,,,,,,
,,,,,,,,,
,,,,,,,,,
